{"keyset":{"lweSecretKeys":[{"id":0,"params":{"lweDimension":8192,"integerPrecision":64,"keyType":"binary"}},{"id":1,"params":{"lweDimension":896,"integerPrecision":64,"keyType":"binary"}}],"lweBootstrapKeys":[{"id":0,"inputId":1,"outputId":0,"params":{"levelCount":3,"baseLog":11,"glweDimension":1,"polynomialSize":8192,"variance":4.70197740328915e-38,"integerPrecision":64,"modulus":{"modulus":{"native":{}}},"keyType":"binary","inputLweDimension":896},"compression":"seed"}],"lweKeyswitchKeys":[{"id":0,"inputId":0,"outputId":1,"params":{"levelCount":6,"baseLog":3,"variance":5.61116574218532e-13,"integerPrecision":64,"modulus":{"modulus":{"native":{}}},"keyType":"binary","inputLweDimension":8192,"outputLweDimension":896},"compression":"seed"}],"packingKeyswitchKeys":[]},"circuits":[{"inputs":[{"rawInfo":{"shape":{"dimensions":[1,8,3]},"integerPrecision":64,"isSigned":false},"typeInfo":{"lweCiphertext":{"abstractShape":{"dimensions":[1,8]},"concreteShape":{"dimensions":[1,8,3]},"integerPrecision":64,"encryption":{"keyId":0,"variance":4.70197740328915e-38,"lweDimension":8192,"modulus":{"modulus":{"native":{}}}},"compression":"seed","encoding":{"integer":{"width":12,"isSigned":true,"mode":{"native":{}}}}}}}],"outputs":[{"rawInfo":{"shape":{"dimensions":[1,600,8193]},"integerPrecision":64,"isSigned":false},"typeInfo":{"lweCiphertext":{"abstractShape":{"dimensions":[1,600]},"concreteShape":{"dimensions":[1,600,8193]},"integerPrecision":64,"encryption":{"keyId":0,"variance":4.70197740328915e-38,"lweDimension":8192,"modulus":{"modulus":{"native":{}}}},"compression":"none","encoding":{"integer":{"width":12,"isSigned":true,"mode":{"native":{}}}}}}}],"name":"main"}]}