{
  "circuitFeedbacks": [
    {
      "crtDecompositionsOfOutputs": [
        []
      ],
      "memoryUsagePerLoc": {
        "loc(\"/shared/home/u629826/zama_env/lib/python3.9/site-packages/concrete/ml/quantization/quantizers.py\":774:0)": 17046040,
        "loc(\"@/decoder_mlp/decoder_mlp.0/Gemm.matmul | /shared/home/u629826/zama_env/lib/python3.9/site-packages/concrete/ml/quantization/quantized_ops.py\":381:0)": 9046096,
        "loc(\"@/decoder_mlp/decoder_mlp.0/Gemm.matmul_rounding | /shared/home/u629826/zama_env/lib/python3.9/site-packages/concrete/ml/quantization/base_quantized_op.py\":1015:0)": 33624072,
        "loc(\"@/decoder_mlp/decoder_mlp.2/Gemm.matmul | /shared/home/u629826/zama_env/lib/python3.9/site-packages/concrete/ml/quantization/quantized_ops.py\":381:0)": 56313552,
        "loc(unknown)": 39326400
      },
      "name": "main",
      "statistics": [
        {
          "count": 1024,
          "keys": [
            [
              "SECRET",
              0
            ]
          ],
          "location": "loc(\"@/decoder_mlp/decoder_mlp.0/Gemm.matmul | /shared/home/u629826/zama_env/lib/python3.9/site-packages/concrete/ml/quantization/quantized_ops.py\":381:0)",
          "operation": "CLEAR_MULTIPLICATION"
        },
        {
          "count": 1024,
          "keys": [
            [
              "SECRET",
              0
            ]
          ],
          "location": "loc(\"@/decoder_mlp/decoder_mlp.0/Gemm.matmul | /shared/home/u629826/zama_env/lib/python3.9/site-packages/concrete/ml/quantization/quantized_ops.py\":381:0)",
          "operation": "ENCRYPTED_ADDITION"
        },
        {
          "count": 128,
          "keys": [
            [
              "SECRET",
              0
            ]
          ],
          "location": "loc(\"@/decoder_mlp/decoder_mlp.0/Gemm.matmul_rounding | /shared/home/u629826/zama_env/lib/python3.9/site-packages/concrete/ml/quantization/base_quantized_op.py\":1015:0)",
          "operation": "CLEAR_ADDITION"
        },
        {
          "count": 128,
          "keys": [
            [
              "SECRET",
              0
            ]
          ],
          "location": "loc(\"/shared/home/u629826/zama_env/lib/python3.9/site-packages/concrete/ml/quantization/quantizers.py\":774:0)",
          "operation": "CLEAR_ADDITION"
        },
        {
          "count": 128,
          "keys": [
            [
              "KEY_SWITCH",
              0
            ]
          ],
          "location": "loc(\"/shared/home/u629826/zama_env/lib/python3.9/site-packages/concrete/ml/quantization/quantizers.py\":774:0)",
          "operation": "KEY_SWITCH"
        },
        {
          "count": 128,
          "keys": [
            [
              "BOOTSTRAP",
              0
            ]
          ],
          "location": "loc(\"/shared/home/u629826/zama_env/lib/python3.9/site-packages/concrete/ml/quantization/quantizers.py\":774:0)",
          "operation": "PBS"
        },
        {
          "count": 76800,
          "keys": [
            [
              "SECRET",
              0
            ]
          ],
          "location": "loc(\"@/decoder_mlp/decoder_mlp.2/Gemm.matmul | /shared/home/u629826/zama_env/lib/python3.9/site-packages/concrete/ml/quantization/quantized_ops.py\":381:0)",
          "operation": "CLEAR_MULTIPLICATION"
        },
        {
          "count": 76800,
          "keys": [
            [
              "SECRET",
              0
            ]
          ],
          "location": "loc(\"@/decoder_mlp/decoder_mlp.2/Gemm.matmul | /shared/home/u629826/zama_env/lib/python3.9/site-packages/concrete/ml/quantization/quantized_ops.py\":381:0)",
          "operation": "ENCRYPTED_ADDITION"
        }
      ],
      "totalInputsSize": 192,
      "totalOutputsSize": 39326400
    }
  ],
  "complexity": 127794036736,
  "globalPError": 8.9698811141586079e-11,
  "pError": 7.007719620748249e-13,
  "totalBootstrapKeysSize": 704643072,
  "totalKeyswitchKeysSize": 352714752,
  "totalSecretKeysSize": 72704
}